{
  "scenario": "ball_vel",
  "description": "Initial ball rolling velocity (toward/perp/away).",
  "per_condition": [
    {
      "condition_idx": 0,
      "condition_label": "toward@0.10mps",
      "n_attempts": 7,
      "n_kicks_detected": 7,
      "n_crossed_ref": 7,
      "n_timed_out": 0,
      "n_fell_before_kick": 0,
      "n_fell_after_kick": 0,
      "n_hits": 6,
      "hit_rate": 0.8571428571428571,
      "angular_error_deg": {
        "count": 7,
        "mean": 6.065733909606934,
        "std": 2.936056613922119
      },
      "z_error_deg": {
        "count": 7,
        "mean": 3.0881240367889404,
        "std": 3.3919835090637207
      },
      "lateral_error_m": {
        "count": 7,
        "mean": 0.2896745502948761,
        "std": 0.19837208092212677
      },
      "ball_speed_at_kick_mps": {
        "count": 7,
        "mean": 7.178040504455566,
        "std": 1.5081961154937744
      },
      "ball_travel_m": {
        "count": 7,
        "mean": 3.4038569927215576,
        "std": 0.19685636460781097
      },
      "time_to_kick_s": {
        "count": 7,
        "mean": 0.6371428571428571,
        "std": 0.10333223611442925
      },
      "energy_act_sq": {
        "count": 7,
        "mean": 251.0346221923828,
        "std": 27.64647102355957
      },
      "foot_kicked_counts": {
        "left": 6,
        "right": 1,
        "unknown": 0
      }
    },
    {
      "condition_idx": 1,
      "condition_label": "toward@0.30mps",
      "n_attempts": 7,
      "n_kicks_detected": 7,
      "n_crossed_ref": 6,
      "n_timed_out": 0,
      "n_fell_before_kick": 0,
      "n_fell_after_kick": 1,
      "n_hits": 6,
      "hit_rate": 0.8571428571428571,
      "angular_error_deg": {
        "count": 7,
        "mean": 9.687058448791504,
        "std": 4.142999172210693
      },
      "z_error_deg": {
        "count": 7,
        "mean": 5.541836261749268,
        "std": 6.215861797332764
      },
      "lateral_error_m": {
        "count": 6,
        "mean": 0.23767037689685822,
        "std": 0.14296047389507294
      },
      "ball_speed_at_kick_mps": {
        "count": 7,
        "mean": 6.933997631072998,
        "std": 2.9052536487579346
      },
      "ball_travel_m": {
        "count": 7,
        "mean": 2.818814992904663,
        "std": 0.9634181261062622
      },
      "time_to_kick_s": {
        "count": 7,
        "mean": 0.6828571428571427,
        "std": 0.15690891677423977
      },
      "energy_act_sq": {
        "count": 7,
        "mean": 245.87356567382812,
        "std": 24.457700729370117
      },
      "foot_kicked_counts": {
        "left": 5,
        "right": 2,
        "unknown": 0
      }
    },
    {
      "condition_idx": 2,
      "condition_label": "toward@0.50mps",
      "n_attempts": 6,
      "n_kicks_detected": 6,
      "n_crossed_ref": 6,
      "n_timed_out": 0,
      "n_fell_before_kick": 0,
      "n_fell_after_kick": 0,
      "n_hits": 4,
      "hit_rate": 0.6666666666666666,
      "angular_error_deg": {
        "count": 6,
        "mean": 12.166609764099121,
        "std": 8.420121192932129
      },
      "z_error_deg": {
        "count": 6,
        "mean": 3.368661642074585,
        "std": 5.391983985900879
      },
      "lateral_error_m": {
        "count": 6,
        "mean": 0.906945526599884,
        "std": 0.9568934440612793
      },
      "ball_speed_at_kick_mps": {
        "count": 6,
        "mean": 5.72676420211792,
        "std": 2.5847008228302
      },
      "ball_travel_m": {
        "count": 6,
        "mean": 3.894291639328003,
        "std": 0.9721903800964355
      },
      "time_to_kick_s": {
        "count": 6,
        "mean": 0.55,
        "std": 0.09712534856222313
      },
      "energy_act_sq": {
        "count": 6,
        "mean": 234.7130126953125,
        "std": 13.063924789428711
      },
      "foot_kicked_counts": {
        "left": 2,
        "right": 4,
        "unknown": 0
      }
    },
    {
      "condition_idx": 3,
      "condition_label": "perpendicular@0.10mps",
      "n_attempts": 7,
      "n_kicks_detected": 7,
      "n_crossed_ref": 7,
      "n_timed_out": 0,
      "n_fell_before_kick": 0,
      "n_fell_after_kick": 0,
      "n_hits": 4,
      "hit_rate": 0.5714285714285714,
      "angular_error_deg": {
        "count": 7,
        "mean": 9.213232040405273,
        "std": 6.173290729522705
      },
      "z_error_deg": {
        "count": 7,
        "mean": 3.01145601272583,
        "std": 3.6619632244110107
      },
      "lateral_error_m": {
        "count": 7,
        "mean": 0.560246467590332,
        "std": 0.5096333026885986
      },
      "ball_speed_at_kick_mps": {
        "count": 7,
        "mean": 8.132722854614258,
        "std": 1.7964491844177246
      },
      "ball_travel_m": {
        "count": 7,
        "mean": 3.393874406814575,
        "std": 0.32483863830566406
      },
      "time_to_kick_s": {
        "count": 7,
        "mean": 0.682857142857143,
        "std": 0.1494479637785374
      },
      "energy_act_sq": {
        "count": 7,
        "mean": 244.4917449951172,
        "std": 22.96260643005371
      },
      "foot_kicked_counts": {
        "left": 7,
        "right": 0,
        "unknown": 0
      }
    },
    {
      "condition_idx": 4,
      "condition_label": "perpendicular@0.30mps",
      "n_attempts": 7,
      "n_kicks_detected": 7,
      "n_crossed_ref": 7,
      "n_timed_out": 0,
      "n_fell_before_kick": 0,
      "n_fell_after_kick": 0,
      "n_hits": 1,
      "hit_rate": 0.14285714285714285,
      "angular_error_deg": {
        "count": 7,
        "mean": 18.848783493041992,
        "std": 10.059995651245117
      },
      "z_error_deg": {
        "count": 7,
        "mean": 3.777284622192383,
        "std": 3.1361589431762695
      },
      "lateral_error_m": {
        "count": 7,
        "mean": 0.9113492965698242,
        "std": 0.5496504902839661
      },
      "ball_speed_at_kick_mps": {
        "count": 7,
        "mean": 7.2127766609191895,
        "std": 3.3123137950897217
      },
      "ball_travel_m": {
        "count": 7,
        "mean": 3.5835397243499756,
        "std": 0.3555762469768524
      },
      "time_to_kick_s": {
        "count": 7,
        "mean": 0.6142857142857142,
        "std": 0.1540739287167173
      },
      "energy_act_sq": {
        "count": 7,
        "mean": 253.78469848632812,
        "std": 15.93000316619873
      },
      "foot_kicked_counts": {
        "left": 5,
        "right": 2,
        "unknown": 0
      }
    },
    {
      "condition_idx": 5,
      "condition_label": "perpendicular@0.50mps",
      "n_attempts": 6,
      "n_kicks_detected": 6,
      "n_crossed_ref": 6,
      "n_timed_out": 0,
      "n_fell_before_kick": 0,
      "n_fell_after_kick": 0,
      "n_hits": 1,
      "hit_rate": 0.16666666666666666,
      "angular_error_deg": {
        "count": 6,
        "mean": 22.86141014099121,
        "std": 6.109883785247803
      },
      "z_error_deg": {
        "count": 6,
        "mean": 0.45811161398887634,
        "std": 0.6185510754585266
      },
      "lateral_error_m": {
        "count": 6,
        "mean": 1.574548363685608,
        "std": 0.8412821888923645
      },
      "ball_speed_at_kick_mps": {
        "count": 6,
        "mean": 6.694056034088135,
        "std": 2.5685999393463135
      },
      "ball_travel_m": {
        "count": 6,
        "mean": 4.080641269683838,
        "std": 0.4635533392429352
      },
      "time_to_kick_s": {
        "count": 6,
        "mean": 0.5766666666666667,
        "std": 0.11338234234463299
      },
      "energy_act_sq": {
        "count": 6,
        "mean": 255.6943359375,
        "std": 26.18367576599121
      },
      "foot_kicked_counts": {
        "left": 5,
        "right": 1,
        "unknown": 0
      }
    },
    {
      "condition_idx": 6,
      "condition_label": "away@0.10mps",
      "n_attempts": 7,
      "n_kicks_detected": 7,
      "n_crossed_ref": 7,
      "n_timed_out": 0,
      "n_fell_before_kick": 0,