{"episode/feet_yaw_diff":-0.5542562854004233,"episode/tracking_ang_vel":12.321696777866311,"episode/feet_swing":33.156972728363456,"episode/tracking_lin_vel_y":25.161121603560773,"bound_loss":0.0002707752020796761,"episode/feet_distance":-0.07037851925020756,"episode/tracking_lin_vel_x":26.384587483863307,"episode/survival":7.488616864975184,"episode/base_height":-1.0715577071660185,"episode/feet_roll":-0.17180251054567833,"kl_mean":0.008503377437591553,"episode/feet_slip":-1.0558497223952046,"actor_loss":-0.005714632770104799,"episode/feet_yaw_mean":-0.5072410043890345,"curriculum/mean_lin_vel_level":0,"episode/lin_vel_z":-0.29145637093341514,"episode/torques":-10.278709744753902,"episode/dof_vel":-0.36286932801547117,"reward":70.12214582260341,"episode/dof_acc":-1.1529790816241747,"_runtime":7062.783854465,"episode/collision":0,"episode/dof_pos_limits":-0.22301368078548614,"_timestamp":1.7799265419091344e+09,"_wandb":{"runtime":7062},"value_loss":0.01148793762549758,"steps":1497.6986301369864,"episode/torque_tiredness":-0.49392321379217385,"episode/power":-6.138116072301996,"curriculum/max_ang_vel_level":0,"entropy":-16.10662269592285,"episode/action_rate":-5.420394022170812,"lr":0.00017085937500000009,"curriculum/mean_ang_vel_level":0,"episode/orientation":-0.884701768421147,"episode/ang_vel_xy":-3.476551490287258,"_step":4999,"episode/root_acc":-5.776364388531202,"curriculum/max_lin_vel_level":0}