{"episode/ang_vel_xy":-1.100014816058126,"episode/tracking_ang_vel":2.3204158531858567,"episode/base_height":-0.20586673138623543,"episode/feet_distance":-0.010761432026056549,"actor_loss":-0.005935292879197124,"chapa/flat_pose_rate_0.10rad":0.824,"value_loss":0.13909728601574897,"episode/chapa_impact_pose":0,"episode/torque_tiredness":-0.14366312360668437,"episode/tracking_lin_vel_x":4.512100308380545,"episode/feet_roll":-0.041626114003172024,"chapa/contact_z_local_mean":0.009409765513458599,"kl_mean":0.007181232795119286,"lr":0.00011390625000000006,"episode/waiting":-0.005345401489907612,"kick/z_elevation_error_deg_mean":5.930387624112268,"chapa/foot_pitch_at_impact_abs_mean":0.05835748799641927,"episode/action_rate":-2.054946709186473,"episode/lin_vel_z":-0.12972856719700737,"curriculum/max_ang_vel_level":0,"episode/tracking_lin_vel_y":5.2071866922556085,"kick/lateral_error_m_mean":0.37794603063045323,"episode/feet_swing":3.0944660651953297,"_timestamp":1.779212736191056e+09,"kick/success_rate_20deg":0.952,"kick/angular_error_deg_mean":10.861870920976003,"chapa/contact_x_local_abs_mean":0.1904083079995277,"episode/dof_pos_limits":-0.13494679876702262,"episode/body_alignment_for_kick":5.231055811998692,"bound_loss":0.00041933986358344555,"episode/post_kick_stillness":4.9482678721608e-05,"episode/root_acc":-1.8507068287581205,"episode/ball_acceleration":0.6066031261010373,"episode/orientation":-0.3805898436434329,"episode/dof_acc":-0.37845179123526557,"chapa/contact_x_local_mean":0.18809024359456575,"chapa/foot_roll_at_impact_abs_mean":0.09042955271402994,"_runtime":3967.05935782,"kick/num_kicks":375,"entropy":-11.32835578918457,"kick/fraction_reached_ref_line":0.00020276183540013403,"curriculum/mean_ang_vel_level":0,"_wandb":{"runtime":3967},"episode/dof_vel":-0.11049782488732895,"episode/collision":0,"episode/survival":2.6441467527617166,"curriculum/mean_lin_vel_level":0,"episode/ball_velocity_target_direction":6.769697326294919,"steps":282.67021276595744,"_step":3999,"episode/kicking_foot_approach_ball_stationary":0.13973665561160428,"episode/torques":-2.943277191449987,"reward":23.92299322688833,"episode/body_angle":5.049387318815323,"episode/feet_yaw_mean":-0.08130025988979701,"episode/feet_slip":-0.4164155991450745,"chapa/contact_y_local_abs_mean":0.04056593286665156,"chapa/instep_contact_rate":0.096,"episode/power":-2.1103411619650556,"curriculum/max_lin_vel_level":0,"episode/feet_yaw_diff":-0.11702369630059346}