{"curriculum/max_ang_vel_level":0,"episode/ang_vel_xy":-1.3311087990800539,"curriculum/mean_ang_vel_level":0,"chapa/foot_pitch_at_impact_abs_mean":0.8222480072616535,"episode/tracking_ang_vel":2.4122540077401533,"episode/tracking_lin_vel_y":5.320932520015372,"reward":26.539139199588035,"_step":4999,"_runtime":10459.342453136,"episode/torques":-3.194834021727244,"_timestamp":1.7799865109272728e+09,"kick/lateral_error_m_mean":0.3999327932107733,"episode/dof_pos_limits":-0.2968888861644599,"chapa/flat_pose_rate_0.10rad":0.03064066852367688,"episode/post_kick_stillness":0.0001167469994201206,"kl_mean":0.014080572873353958,"episode/power":-2.3709340592225394,"episode/waiting":-0.006748923096327215,"episode/body_angle":5.1195827580160564,"chapa/foot_roll_at_impact_abs_mean":0.25234478429831503,"episode/collision":0,"episode/dof_vel":-0.12356469138628906,"episode/dof_acc":-0.43333145472117596,"kick/z_elevation_error_deg_mean":6.033226279290211,"episode/feet_distance":-0.021890160922420264,"episode/body_alignment_for_kick":5.339576096336047,"_wandb":{"runtime":10459},"kick/fraction_reached_ref_line":0.00020405835381081842,"lr":0.0005766503906250003,"episode/ball_velocity_target_direction":10.415203604102135,"kick/angular_error_deg_mean":12.42510154320337,"episode/action_rate":-2.4690988653235966,"chapa/contact_x_local_mean":0.15537609806424396,"episode/feet_roll":-0.037233188221903725,"chapa/contact_x_local_abs_mean":0.15544540923825545,"episode/feet_yaw_mean":-0.0892723178212893,"episode/orientation":-0.43855677459182013,"episode/torque_tiredness":-0.1517724525804321,"chapa/contact_z_local_mean":0.06115032563603439,"episode/feet_slip":-0.4181659049147533,"chapa/instep_contact_rate":0.002785515320334262,"episode/feet_swing":3.270664482149813,"episode/survival":2.6730811102936665,"kick/num_kicks":359,"bound_loss":0.00040972742281155663,"actor_loss":-0.007993597498474022,"episode/lin_vel_z":-0.14152249199234776,"episode/ball_acceleration":0.7073158362673388,"chapa/contact_y_local_abs_mean":0.03694586774002252,"episode/base_height":-0.2405805374443945,"value_loss":0.2294601984322071,"steps":287.2,"entropy":-10.104799270629883,"curriculum/mean_lin_vel_level":0,"episode/feet_yaw_diff":-0.1984175764541659,"episode/tracking_lin_vel_x":4.243348650634289,"kick/success_rate_20deg":0.8969359331476323,"curriculum/max_lin_vel_level":0,"episode/kicking_foot_approach_ball_stationary":0.23004226153716445,"episode/root_acc":-2.0953630548384456}