{"kick/z_elevation_error_deg_mean":6.109368208251802,"curriculum/mean_ang_vel_level":0,"episode/dof_acc":-0.11817155229533918,"actor_loss":-0.007441007057059324,"episode/body_alignment_for_kick":2.484521450199319,"episode/tracking_ang_vel":0.47591272175874144,"episode/dof_pos_limits":-0.11103549643733798,"_runtime":18675.964043231,"kick/lateral_error_m_mean":0.3003559625696069,"episode/kicking_foot_approach_ball_stationary":0.3864126337096977,"curriculum/mean_lin_vel_level":0,"kick/num_kicks":654,"curriculum/max_ang_vel_level":0,"_timestamp":1.779940577412853e+09,"episode/feet_yaw_mean":-0.11656640952497103,"lr":0.0005766503906250003,"episode/base_height":-0.236696024764241,"episode/power":-0.7886565517656197,"episode/orientation":-0.32021526168458736,"kick/angular_error_deg_mean":11.981179761275968,"episode/tracking_lin_vel_y":2.591099573045793,"episode/ang_vel_xy":-0.2938098952879567,"kick/fraction_reached_ref_line":0.0001739774795818097,"episode/dof_vel":-0.0912591387578369,"curriculum/max_lin_vel_level":0,"steps":134.50443786982248,"episode/torque_tiredness":-0.056023722818981,"kick/success_rate_20deg":0.944954128440367,"reward":14.935854403930303,"episode/feet_yaw_diff":-0.10228315449303248,"episode/ball_velocity_target_direction":7.808776085841993,"_wandb":{"runtime":18675},"episode/feet_roll":-0.035366842674763775,"episode/torques":-1.0925802627258752,"value_loss":0.24997290894389151,"episode/ball_acceleration":0.7201368737299058,"bound_loss":0.00016985931360977702,"episode/survival":1.1636900150564295,"kl_mean":0.012640757486224174,"episode/root_acc":-0.14232445733081658,"episode/body_angle":2.4168787469878,"episode/tracking_lin_vel_x":2.5297771635404707,"episode/lin_vel_z":-0.015962410612808838,"episode/feet_slip":-0.5977504438549809,"episode/action_rate":-1.4612892131216428,"_step":4999,"episode/waiting":-0.061361138198774964,"entropy":-9.854781150817871}